gpu|score|rank
128 DDR Radeon 9700 TX w/TV-Out|44|1084
128MB DDR Radeon 9800 Pro|79|1001
128MB RADEON X600 SE|48|1074
256MB RADEON X600|69|1020
7900 MOD - Radeon HD 6520G|610|520
ABIT Siluro T400|3|1286
ALL-IN-WONDER 9000|4|1254
ALL-IN-WONDER RADEON 8500DV|5|1222
All-in-Wonder X1900|127|890
ALL-IN-WONDER X800 GT|84|989
Barco MXRT 5450|782|381
Chell 1.7b for Mobile Intel 945|6|1217
Chipset Intel G41 Express|57|1049
FireGL T2-128|35|1123
FireGL V3100|52|1062
FireGL V3300|70|1017
FireGL V3350|71|1015
FireGL V3400|102|941
FireGL V3600|190|829
FireGL V5100|92|969
FireGL V5200|113|911
FireGL V5600|351|694
FireGL V7200|110|915
FireGL V7350|104|929
FireGL V7600|613|514
FireGL V7700|650|484
FireGL V8650|494|613
FireGL X1|59|1045
FireMV 2200 PCIe|36|1114
FireMV 2250|50|1068
FireMV 2260|110|917
FireMV 2400 PCIe|13|1191
FirePro 2260|117|901
FirePro 2270|229|776
FirePro 2450|61|1041
FirePro 2460|199|810
FirePro 3D V3700|190|830
FirePro 3D V3750|335|708
FirePro 3D V3800|468|631
FirePro 3D V4800|1085|253
FirePro 3D V5700|561|556
FirePro 3D V5800|1333|208
FirePro 3D V7750|509|604
FirePro 3D V7800|1784|159
FirePro 3D V8700|1120|248
FirePro 3D V8750|1267|222
FirePro 3D V8800|2533|117
FirePro 3D V9800|2811|102
FirePro M2000|609|522
FirePro M4000|1419|191
FirePro M40003|1416|192
Firepro M4100|1053|262
FirePro M4150|1035|270
FirePro M4170|1105|250
FirePro M5100|2103|133
FirePro M6000 Mobility Pro|1654|169
FirePro M6100|2772|103
FirePro M7740|638|496
FirePro S7000|4043|63
FirePro V3900|861|335
FirePro V4900|1295|217
FirePro V5900|1514|186
FirePro V7900|2669|109
FirePro V9800 Adapter|2078|135
FirePro W2100|881|330
FirePro W2100 Adapter|900|321
FirePro W4100|1581|174
FirePro W4100 Adapter|1524|185
FirePro W4170M|1135|243
FirePro W5000|2958|90
FirePro W5100|2744|104
FirePro W5100 Adapter|2736|105
FirePro W600|1693|164
FirePro W7000|4058|62
FirePro W7000 Adapter|4165|58
FirePro W7100|5212|37
FirePro W7170M|5205|38
FirePro W8000|4328|54
FirePro W8100|5432|29
FirePro W9000|5244|34
FirePro W9100|6497|19
FireStream 9250|1164|239
FireStream 9270|1341|207
GeForce 205|124|892
GeForce 210|183|831
GeForce 256|5|1228
GeForce 305M|190|828
GeForce 310|214|796
GeForce 310M|221|786
GeForce 315|267|753
GeForce 315M|219|787
GeForce 320M|280|743
GeForce 405|229|777
GeForce 410M|338|703
GeForce 505|196|816
GeForce 510|302|728
GeForce 605|315|720
GeForce 6100|21|1173
GeForce 6100 nForce 400|24|1161
GeForce 6100 nForce 405|22|1172
GeForce 6100 nForce 420|24|1164
GeForce 6100 nForce 430|23|1167
GeForce 610M|396|669
GeForce 615|542|574
GeForce 6150|22|1170
GeForce 6150 LE|21|1174
GeForce 6150SE|24|1165
GeForce 6150SE nForce 430|22|1171
GeForce 6200|44|1086
GeForce 6200 A-LE|31|1135
GeForce 6200 LE|26|1152
GeForce 6200 TurboCache|38|1111
GeForce 6200SE TurboCache|29|1144
GeForce 6500|36|1116
GeForce 6600|63|1033
GeForce 6600 GT|101|947
GeForce 6600 LE|50|1064
GeForce 6610 XL|94|962
GeForce 6700 XL|106|926
GeForce 6800|111|914
GeForce 6800 GS|137|875
GeForce 6800 GS/XT|101|942
GeForce 6800 GT|139|872
GeForce 6800 LE|97|955
GeForce 6800 Ultra|138|874
GeForce 6800 XT|106|925
GeForce 7000M|13|1188
GeForce 7000M / nForce 610M|13|1190
GeForce 7025 / nForce 630a|25|1159
GeForce 7050 / nForce 610i|27|1149
GeForce 7050 / nForce 620i|33|1129
GeForce 7050 / nForce 630i|26|1156
GeForce 7050 PV / nForce 630a|22|1169
GeForce 705M|470|629
GeForce 7100 / nForce 630i|30|1138
GeForce 7100 GS|42|1097
GeForce 710A|387|674
GeForce 710M|542|575
GeForce 7150 / nForce 630i|33|1128
GeForce 7150M / nForce 630M|17|1183
GeForce 7300 GS|64|1030
GeForce 7300 GT|109|918
GeForce 7300 LE|54|1060
GeForce 7300 SE|42|1099
GeForce 7300 SE/7200 GS|40|1106
GeForce 730A|729|419
GeForce 7350 LE|74|1006
GeForce 7500 LE|70|1018
GeForce 7600 GS|134|878
GeForce 7600 GT|182|833
GeForce 7650 GS|134|879
GeForce 7800 GS|182|834
GeForce 7800 GT|192|823
GeForce 7800 GTX|227|779
GeForce 7900 GS|219|789
GeForce 7900 GT|258|764
GeForce 7900 GT/GTO|245|771
GeForce 7900 GTX|301|731
GeForce 7950 GT|260|759
GeForce 7950 GX2|194|820
GeForce 800A|440|645
GeForce 800M|539|580
GeForce 8100 / nForce 720a|86|982
GeForce 810A|617|509
GeForce 810M|388|673
GeForce 8200|82|995
GeForce 8200M G|57|1052
GeForce 820A|661|467
GeForce 820M|577|548
GeForce 825M|735|416
GeForce 8300|95|958
GeForce 8300 GS|68|1022
GeForce 830A|943|301
GeForce 830M|766|394
GeForce 8400|101|943
GeForce 8400 GS|115|908
GeForce 8400 SE|68|1021
GeForce 8400M G|59|1044
GeForce 8400M GS|85|984
GeForce 8400M GT|101|946
GeForce 840A|858|336
GeForce 840M|845|343
GeForce 845M|1014|275
GeForce 8500 GT|141|867
GeForce 8600 GS|152|855
GeForce 8600 GT|253|768
GeForce 8600 GTS|301|730
GeForce 8600GS|152|858
GeForce 8600M GS|128|889
GeForce 8600M GT|178|838
GeForce 8700M GT|223|782
GeForce 8800 GS|553|565
GeForce 8800 GT|760|397
GeForce 8800 GTS|616|510
GeForce 8800 GTS 512|855|338
GeForce 8800 GTX|772|388
GeForce 8800 Ultra|796|371
GeForce 8800M GTS|482|619
GeForce 8800M GTX|560|558
GeForce 9100|84|990
GeForce 9100M G|81|996
GeForce 910M|430|649
GeForce 9200|84|988
GeForce 9200M GE|84|987
GeForce 9200M GS|90|976
GeForce 920M|662|466
GeForce 9300 / nForce 730i|133|884
GeForce 9300 GE|103|938
GeForce 9300 GS|94|964
GeForce 9300M G|83|994
GeForce 9300M GS|99|950
GeForce 930A|988|286
GeForce 930M|849|340
GeForce 9400|152|856
GeForce 9400 GT|196|817
GeForce 9400M|121|897
GeForce 9400M G|129|886
GeForce 940M|904|319
GeForce 945M|1354|206
GeForce 9500 GS|290|735
GeForce 9500 GT|288|738
GeForce 9500M|107|923
GeForce 9500M G|166|846
GeForce 9500M GS|198|813
GeForce 9600 GS|450|640
GeForce 9600 GSO|524|590
GeForce 9600 GSO 512|507|607
GeForce 9600 GT|750|403
GeForce 9600M GS|249|769
GeForce 9600M GT|272|748
GeForce 9600M GT / GeForce GT 220M|289|736
GeForce 9650M GT|266|754
GeForce 9700M GT|338|702
GeForce 9700M GTS|483|618
GeForce 9800 GT|726|423
GeForce 9800 GTX|769|389
GeForce 9800 GTX+|923|313
GeForce 9800 GTX/9800 GTX+|900|322
GeForce 9800 GX2|820|356
GeForce 9800 S|645|493
GeForce 9800M GS|548|571
GeForce 9800M GT|472|627
GeForce 9800M GTS|653|477
GeForce 9800M GTX|522|593
GeForce FX 5200|7|1208
GeForce FX 5200LE|7|1203
GeForce FX 5500|8|1199
GeForce FX 5600|11|1198
GeForce FX 5600 Ultra|17|1184
GeForce FX 5600XT|8|1200
GeForce FX 5700|44|1090
GeForce FX 5700 Ultra|30|1139
GeForce FX 5700LE|25|1158
GeForce FX 5700VE|29|1142
GeForce FX 5900|36|1117
GeForce FX 5900 Ultra|41|1101
GeForce FX 5900XT|43|1094
GeForce FX 5950 Ultra|59|1047
GeForce FX Go 5200|8|1201
GeForce FX Go 5600|17|1182
GeForce FX Go5300|12|1195
GeForce FX Go5650|16|1185
GeForce FX Go5700|47|1077
GeForce G 103M|108|921
GeForce G 105M|117|902
GeForce G100|101|945
GeForce G102M|101|944
GeForce G105M|190|827
GeForce G200|133|883
GeForce G205M|103|934
GeForce G210|180|836
GeForce G210M|206|805
GeForce Go 6100|18|1180
GeForce Go 6150|18|1179
GeForce Go 6200|13|1189
GeForce Go 6400|26|1151
GeForce Go 6600|66|1025
GeForce Go 6600 TE/6200 TE|44|1092
GeForce Go 6800|108|920
GeForce Go 6800 Ultra|146|864
GeForce Go 7200|44|1089
GeForce Go 7300|49|1071
GeForce Go 7400|63|1035
GeForce Go 7600|129|888
GeForce Go 7600 GT|165|848
GeForce Go 7700|147|863
GeForce Go 7800|116|904
GeForce Go 7800 GTX|208|803
GeForce Go 7900 GS|175|841
GeForce Go 7950 GTX|264|756
GeForce GPU|1066|258
GeForce GT 120|306|727
GeForce GT 120M|280|742
GeForce GT 130|467|632
GeForce GT 130M|306|726
GeForce GT 140|766|393
GeForce GT 220|360|690
GeForce GT 220M|273|747
GeForce GT 230|477|622
GeForce GT 230M|339|701
GeForce GT 240|653|478
GeForce GT 240M|358|691
GeForce GT 320|552|566
GeForce GT 320M|215|794
GeForce GT 325M|307|725
GeForce GT 330|557|562
GeForce GT 330M|370|684
GeForce GT 335M|499|610
GeForce GT 340|810|364
GeForce GT 415M|319|718
GeForce GT 420|447|643
GeForce GT 420M|550|568
GeForce GT 425M|614|512
GeForce GT 430|654|475
GeForce GT 435M|676|458
GeForce GT 440|828|350
GeForce GT 445M|1049|266
GeForce GT 520|367|686
GeForce GT 520M|384|675
GeForce GT 520MX|408|663
GeForce GT 525M|608|523
GeForce GT 530|736|415
GeForce GT 540M|662|465
GeForce GT 545|1281|221
GeForce GT 550M|736|414
GeForce GT 555M|899|323
GeForce GT 610|358|692
GeForce GT 620|434|647
GeForce GT 620M|555|563
GeForce GT 625|435|646
GeForce GT 625M|514|602
GeForce GT 630|796|370
GeForce GT 630M|682|451
GeForce GT 635|938|303
GeForce GT 635M|683|450
GeForce GT 640|1290|218
GeForce GT 640M|914|317
GeForce GT 640M LE|790|378
GeForce GT 645|2498|118
GeForce GT 645M|881|329
GeForce GT 650M|1203|233
GeForce GT 705|413|659
GeForce GT 710|660|470
GeForce GT 710M|522|592
GeForce GT 720|748|405
GeForce GT 720A|631|501
GeForce GT 720M|526|588
GeForce GT 730|922|314
GeForce GT 730A|717|431
GeForce GT 730M|804|365
GeForce GT 735M|639|495
GeForce GT 740|1574|176
GeForce GT 740M|768|392
GeForce GT 745A|1146|241
GeForce GT 745M|969|292
GeForce GT 750M|1310|212
GeForce GT 755M|1566|178
GeForce GT625M|518|596
GeForce GTS 160M|665|462
GeForce GTS 240|851|339
GeForce GTS 250|899|324
GeForce GTS 250M|570|550
GeForce GTS 350M|559|559
GeForce GTS 360M|760|398
GeForce GTS 450|1546|182
GeForce GTX 260|1118|249
GeForce GTX 260M|599|531
GeForce GTX 275|1218|231
GeForce GTX 280|1195|235
GeForce GTX 280M|684|447
GeForce GTX 285|1260|223
GeForce GTX 285M|752|402
GeForce GTX 295|1035|269
GeForce GTX 460|2642|110
GeForce GTX 460 SE|2235|125
GeForce GTX 460 v2|2555|115
GeForce GTX 460M|1383|200
GeForce GTX 465|2942|93
GeForce GTX 470|3582|72
GeForce GTX 470M|1949|142
GeForce GTX 480|4339|53
GeForce GTX 480M|2018|139
GeForce GTX 485M|2380|119
GeForce GTX 550 Ti|1923|144
GeForce GTX 555|2162|130
GeForce GTX 560|3111|86
GeForce GTX 560 SE|2232|126
GeForce GTX 560 Ti|3539|73
GeForce GTX 560M|1552|180
GeForce GTX 570|4394|50
GeForce GTX 570M|1999|140
GeForce GTX 580|4985|42
GeForce GTX 580M|2309|121
GeForce GTX 590|4036|64
GeForce GTX 645|1922|145
GeForce GTX 650|1831|154
GeForce GTX 650 Ti|2673|108
GeForce GTX 650 Ti BOOST|3532|74
GeForce GTX 660|4121|61
GeForce GTX 660 Ti|4703|46
GeForce GTX 660M|1407|196
GeForce GTX 670|5387|32
GeForce GTX 670M|1869|150
GeForce GTX 670MX|2054|136
GeForce GTX 675M|2110|132
GeForce GTX 675MX|2349|120
GeForce GTX 680|5717|27
GeForce GTX 680M|3397|79
GeForce GTX 680MX|4355|52
GeForce GTX 690|5235|36
GeForce GTX 745|2155|131
GeForce GTX 750|3241|82
GeForce GTX 750 Ti|3687|70
GeForce GTX 760|4955|43
GeForce GTX 760 Ti|5077|39
GeForce GTX 760A|1281|220
GeForce GTX 760M|1402|198
GeForce GTX 765M|1910|148
GeForce GTX 770|6148|22
GeForce GTX 770M|2681|107
GeForce GTX 775M|4447|48
GeForce GTX 780|8029|12
GeForce GTX 780 Ti|8979|6
GeForce GTX 780M|4124|60
GeForce GTX 850A|376|678
GeForce GTX 850M|1411|195
GeForce GTX 860M|1579|175
GeForce GTX 870M|2173|128
GeForce GTX 880M|3652|71
GeForce GTX 950|5248|33
GeForce GTX 950A|1476|188
GeForce GTX 950M|1414|193
GeForce GTX 960|5956|24
GeForce GTX 960A|1612|172
GeForce GTX 960M|1677|166
GeForce GTX 965M|2951|92
GeForce GTX 970|8674|7
GeForce GTX 970M|4132|59
GeForce GTX 980|9735|4
GeForce GTX 980 Ti|11588|1
GeForce GTX 980M|5863|26
GeForce GTX Titan|7916|13
GeForce GTX TITAN Black|8654|8
GeForce GTX TITAN X|10835|2
GeForce GTX TITAN Z|8103|11
GeForce PCX 5300|6|1209
GeForce PCX 5750|34|1127
GeForce2 GTS/GeForce2 Pro|3|1289
GeForce2 Integrated GPU|4|1248
GeForce2 MX|3|1280
GeForce2 MX 100/200|3|1278
GeForce2 MX/MX 400|3|1288
GeForce2 Ti|4|1265
GeForce3|4|1255
GeForce3 Ti 200|4|1253
GeForce3 Ti 500|2|1296
GeForce4 420 Go|3|1266
GeForce4 420 Go 32M|5|1224
GeForce4 4200 Go|4|1251
GeForce4 440 Go|3|1287
GeForce4 440 Go 64M|5|1235
GeForce4 448 Go|5|1231
GeForce4 460 Go --MobileForce M4 Stock--|5|1232
GeForce4 MX 4000|4|1243
GeForce4 MX 420|4|1263
GeForce4 MX 440|4|1257
GeForce4 MX 440 with AGP8X|4|1259
GeForce4 MX 440SE|4|1241
GeForce4 MX 460|5|1230
GeForce4 MX Integrated GPU|6|1220
GeForce4 Ti 4200|5|1225
GeForce4 Ti 4400|6|1212
GeForce4 Ti 4600|5|1223
GeForce4 Ti 4800 SE|6|1219
GeForce9400M|105|928
GF117|542|577
GIGABYTE RADEON 9600 PRO|43|1095
GRID K1|840|345
GRID K140Q|769|391
GRID K2|3772|67
GRID K220Q|835|347
GRID K280Q|1840|152
GRID K520|4283|56
GTX 970TI|9190|5
Intel - Express Chipset Q45/Q43|60|1042
Intel 82845G Controller|1|1310
Intel 82845G/GL Controller|2|1305
Intel 82845G/GL/GE/PE/GV Controller|2|1302
Intel 82865G Controller|4|1262
Intel 82915G Express|5|1238
Intel 82915G/GV/910GL Express|3|1277
Intel 82945G Express|6|1213
Intel 865 Embedded Controller|3|1293
Intel 946GZ Express|6|1218
Intel B43 Express Chipset|64|1029
Intel G33/G31 Express|11|1197
Intel G35 Express|29|1140
Intel G41 Express Chipset|62|1037
Intel G41 Express-Chipsatz|58|1048
Intel G45/G43 Express Chipset|70|1016
Intel G965 Express|17|1181
Intel Haswell HD - GT1|115|907
Intel Haswell HD - GT2|140|868
Intel HD 3000|311|724
Intel HD 4000|452|636
Intel HD 4400|546|572
Intel HD 4600|709|435
Intel HD 5000|594|536
Intel HD 510|587|541
Intel HD 515|577|547
Intel HD 520|782|380
Intel HD 5200|777|384
Intel HD 530|1009|279
Intel HD 5300|389|671
Intel HD 5500|560|557
Intel HD 5600|639|494
Intel HD 6000|816|360
Intel HD Family|409|661
Intel HD Modded|119|898
Intel HD P3000|335|709
Intel HD P4000|414|656
Intel HD P4600|604|527
Intel HD P4600/P4700|646|490
Intel HD P530|948|300
Intel Iris 5100|724|426
Intel Iris 540|1442|190
Intel Iris 6100|963|297
Intel Iris Pro 5200|1175|237
Intel Iris Pro 6200|1551|181
Intel Media Accelerator 3150|2|1304
Intel Media Accelerator 500|3|1275
Intel Media Accelerator 600|6|1215
Intel Media Accelerator HD|116|905
Intel Q33 Express|12|1192
Intel Q35 Express|12|1194
Intel Q45/Q43 Express Chipset|69|1019
Intel Q45/Q43 Express-Chipsatz|63|1032
Intel Q965/Q963 Express|7|1202
Intel Skylake HD DT GT2|578|545
Intel US15 Embedded Media and Controller|7|1206
ION|103|936
ION LE|103|937
KB 2C|235|773
M860G with Mobility Radeon 4100|77|1003
M880G with Mobility Radeon HD 4200|94|961
M880G with Mobility Radeon HD 4225|74|1009
M880G with Mobility Radeon HD 4250|107|922
Matrox G200e WDDM 1.2|59|1046
Matrox G200eh|40|1105
Matrox G200eh WDDM 1.2|50|1066
Matrox G200eR|30|1137
Matrox G200eR WDDM 1.2|56|1054
Matrox G200eW|42|1096
Matrox G200eW WDDM 1.2|49|1070
Matrox M9140 LP PCIe x16|21|1175
Matrox Millennium P650 PCIe 128|5|1226
Matrox Parhelia APVe|5|1234
Mobile Intel - famiglia Express Chipset 45|41|1100
Mobile Intel - famiglia Express Chipset serie 4|46|1079
Mobile Intel 4 Express-Chipsatzfamilie|45|1082
Mobile Intel 45 Express|43|1093
Mobile Intel 45 Express-Chipsatzfamilie|39|1108
Mobile Intel 915GM/GMS/910GML Express|4|1261
Mobile Intel 945 Express|4|1256
Mobile Intel 945GM Express|5|1240
Mobile Intel 945GM/GU Express|5|1239
Mobile Intel 965 Express|19|1177
Mobile Intel 965 Express-Chipsatzfamilie|24|1162
Mobile Intel HD|411|660
Mobile Intel serie 4 Express|44|1091
MOBILITY FIREGL T2|39|1109
MOBILITY FIREGL T2/T2e|33|1132
MOBILITY FireGL V3200|61|1039
MOBILITY FireGL V5000|81|998
MOBILITY FireGL V5200|44|1085
MOBILITY FireGL V5250|26|1155
Mobility FireGL V5725|228|778
Mobility Radeon 4100|88|980
MOBILITY RADEON 7000 IGP|6|1210
MOBILITY RADEON 7500|4|1242
MOBILITY RADEON 9000|3|1285
MOBILITY RADEON 9000 IGP|7|1204
MOBILITY RADEON 9000/9100 IGP|5|1229
MOBILITY RADEON 9200|3|1268
MOBILITY RADEON 9600 PRO TURBO|23|1166
MOBILITY RADEON 9600/9700|35|1122
MOBILITY RADEON 9700|29|1141
Mobility Radeon HD 2300|52|1063
Mobility Radeon HD 2400|92|967
Mobility Radeon HD 2400 XT|104|933
Mobility Radeon HD 2600|175|842
Mobility Radeon HD 2600 XT|199|811
Mobility Radeon HD 3410|62|1038
Mobility Radeon HD 3430|97|956
Mobility Radeon HD 3450|91|974
Mobility Radeon HD 3470|94|965
Mobility Radeon HD 3470 Hybrid X2|97|954
Mobility Radeon HD 3650|222|785
Mobility Radeon HD 3670|237|772
Mobility Radeon HD 3850|365|688
Mobility Radeon HD 3870 X2|505|609
Mobility Radeon HD 4200|92|971
Mobility Radeon HD 4225|67|1024
Mobility Radeon HD 4250|100|948
Mobility Radeon HD 4270|95|960
Mobility Radeon HD 4330|164|849
Mobility Radeon HD 4350|148|861
Mobility Radeon HD 4550|193|822
Mobility Radeon HD 4570|202|808
Mobility Radeon HD 4650|396|668
Mobility Radeon HD 4670|474|626
Mobility Radeon HD 4850|813|362
Mobility Radeon HD 4870|737|413
Mobility Radeon HD 5000|773|386
Mobility Radeon HD 5000 Serisi|478|621
Mobility Radeon HD 5165|278|744
Mobility Radeon HD 530v|177|839
Mobility Radeon HD 540v|195|818
Mobility Radeon HD 5430|182|832
Mobility Radeon HD 5450|213|798
Mobility Radeon HD 545v|199|809
Mobility Radeon HD 5470|231|775
Mobility Radeon HD 550v|268|752
Mobility Radeon HD 5570|738|411
Mobility Radeon HD 560v|323|715
Mobility Radeon HD 5650|524|591
Mobility Radeon HD 565v|337|704
Mobility Radeon HD 5730|656|473
Mobility Radeon HD 5850|766|395
Mobility Radeon HD 5870|1194|236
Mobility Radeon HD serie 4200|93|966
Mobility Radeon X1300|40|1103
Mobility Radeon X1350|40|1104
Mobility Radeon X1400|42|1098
Mobility Radeon X1450|33|1131
Mobility Radeon X1600|91|972
Mobility Radeon X1700|98|953
MOBILITY RADEON X1800|134|880
Mobility Radeon X1900|134|881
Mobility Radeon X2300|47|1078
Mobility Radeon X2300 HD|49|1069
Mobility Radeon X2500|68|1023
MOBILITY RADEON X300|34|1125
MOBILITY RADEON X600|50|1065
MOBILITY RADEON X600 SE|49|1073
MOBILITY RADEON X700|65|1028
MOBILITY RADEON XPRESS 200|27|1147
Mobility Radeon. HD 5470|193|821
nForce 750a SLI|85|986
nForce 760i SLI|140|869
nForce 780a SLI|92|968
nForce 980a/780a SLI|83|993
NVS 2100M|192|826
NVS 300|197|815
NVS 310|277|745
NVS 3100M|215|795
NVS 315|337|706
NVS 4200M|354|693
NVS 510|764|396
NVS 5100M|372|682
NVS 5200M|621|507
NVS 5400M|747|406
PHDGD Solo 1.2.0 x86|11|1196
Quadro 1000M|729|420
Quadro 1100M|755|401
Quadro 2000|1305|213
Quadro 2000 D|1167|238
Quadro 2000D|1285|219
Quadro 2000M|1076|257
Quadro 280 NVS PCIe|5|1237
Quadro 3000M|1316|210
Quadro 400|259|763
Quadro 4000|1935|143
Quadro 4000M|1767|160
Quadro 410|424|651
Quadro 5000|2712|106
Quadro 5000M|1919|146
Quadro 500M|646|489
Quadro 5010M|1748|161
Quadro 600|680|453
Quadro 6000|3445|77
Quadro CX|1013|276
Quadro FX 1000|34|1124
Quadro FX 1100|35|1118
Quadro FX 1300|24|1163
Quadro FX 1400|104|930
Quadro FX 1500|156|852
Quadro FX 1500M|174|843
Quadro FX 1600M|225|781
Quadro FX 1700|205|806
Quadro FX 1700M|320|717
Quadro FX 1800|595|535
Quadro FX 1800M|482|620
Quadro FX 2500M|209|801
Quadro FX 2700M|541|578
Quadro FX 2800M|677|457
Quadro FX 3000|65|1027
Quadro FX 3400/4400|103|935
Quadro FX 3450|148|862
Quadro FX 3450/4000 SDI|133|885
Quadro FX 350|85|985
Quadro FX 3500|209|800
Quadro FX 350M|62|1036
Quadro FX 3600M|471|628
Quadro FX 360M|91|973
Quadro FX 370|90|977
Quadro FX 370 LP|108|919
Quadro FX 3700|634|499
Quadro FX 3700M|661|468
Quadro FX 370M|88|979
Quadro FX 380|163|850
Quadro FX 380 LP|215|793
Quadro FX 3800|847|341
Quadro FX 3800M|835|348
Quadro FX 380M|223|784
Quadro FX 4500|207|804
Quadro FX 4600|613|515
Quadro FX 4700 X2|665|461
Quadro FX 4800|991|285
Quadro FX 500/600 PCI|14|1186
Quadro FX 500/FX 600|7|1205
Quadro FX 540|86|983
Quadro FX 550|63|1031
Quadro FX 5500|226|780
Quadro FX 560|119|899
Quadro FX 5600|713|432
Quadro FX 570|123|895
Quadro FX 570M|192|825
Quadro FX 580|292|734
Quadro FX 5800|1096|252
Quadro FX 770M|315|721
Quadro FX 880M|371|683
Quadro FX Go1400|99|951
Quadro K1000M|776|385
Quadro K1100M|966|293
Quadro K1200|2881|95
Quadro K2000|1662|167
Quadro K2000D|1631|171
Quadro K2000M|1080|255
Quadro K2100M|1246|225
Quadro K2200|3412|78
Quadro K2200M|1573|177
Quadro K3000M|1605|173
Quadro K3100M|1855|151
Quadro K4000|2815|101
Quadro K4000M|2194|127
Quadro K4100M|2570|114
Quadro K420|827|351
Quadro K4200|4410|49
Quadro K5000|3993|65
Quadro K5000M|2859|98
Quadro K5100M|3115|85
Quadro K510M|624|505
Quadro K5200|6125|23
Quadro K600|827|352
Quadro K6000|7694|14
Quadro K610M|710|434
Quadro K620|2262|122
Quadro K620M|795|374
Quadro M1000M|1560|179
Quadro M2000M|1804|156
Quadro M3000M|4856|44
Quadro M4000|6368|21
Quadro M4000M|2856|99
Quadro M5000|8360|9
Quadro M5000M|6479|20
Quadro M6000|10581|3
Quadro M600M|1711|162
Quadro NVS 110M|46|1080
Quadro NVS 120M|47|1076
Quadro NVS 130M|60|1043
Quadro NVS 135M|57|1053
Quadro NVS 140M|94|963
Quadro NVS 150M|96|957
Quadro NVS 160M|98|952
Quadro NVS 210S|23|1168
Quadro NVS 210S / GeForce 6150LE|25|1157
Quadro NVS 280 SD|1|1309
Quadro NVS 285|34|1126
Quadro NVS 285 128MB|38|1110
Quadro NVS 290|100|949
Quadro NVS 295|102|940
Quadro NVS 320M|218|791
Quadro NVS 420|104|931
Quadro NVS 440|37|1113
Quadro NVS 450|92|970
Quadro NVS 55/280 PCI|6|1211
Quadro2 Pro|1|1308
Quadro4 380 XGL|7|1207
Quadro4 980 XGL|5|1227
Radeon 2100|57|1050
Radeon 3000|104|932
Radeon 3100|76|1004
Radeon 6600M|725|425
RADEON 7000 / RADEON VE Family|4|1246
RADEON 7500|3|1267
RADEON 7500 Family|4|1260
RADEON 9000 Family|3|1272
RADEON 9100 Family|5|1233
RADEON 9100 IGP|6|1216
RADEON 9200|3|1291
RADEON 9200 LE Family|2|1299
RADEON 9200 PRO Family|2|1303
RADEON 9200 SE|2|1297
RADEON 9250|2|1301
RADEON 9500|36|1115
RADEON 9500 PRO / 9700|45|1083
RADEON 9550|35|1119
Radeon 9550 / X1050|27|1150
RADEON 9600 Family|25|1160
RADEON 9600 PRO Family|26|1154
RADEON 9600 TX Family|18|1178
RADEON 9600 XT|35|1120
RADEON 9600SE|28|1145
RADEON 9700 PRO|53|1061
RADEON 9800 PRO|56|1055
RADEON 9800 SE|27|1148
RADEON 9800 XT|49|1072
RADEON E4690|405|666
Radeon E6760|942|302
Radeon HD 2350|80|1000
Radeon HD 2400|124|894
Radeon HD 2400 PCI|14|1187
Radeon HD 2400 Pro|122|896
Radeon HD 2400 XT|125|891
Radeon HD 2600 PRO|218|790
Radeon HD 2600 Pro AGP|141|866
Radeon HD 2600 XT|301|729
Radeon HD 2900 GT|275|746
Radeon HD 2900 PRO|647|488
Radeon HD 2900 XT|612|517
Radeon HD 3200|84|991
Radeon HD 3300|133|882
Radeon HD 3450|124|893
Radeon HD 3470|152|857
Radeon HD 3650 AGP|145|865
Radeon HD 3670|253|766
Radeon HD 3850|537|582
Radeon HD 3850 AGP|476|624
Radeon HD 3850 X2|792|375
Radeon HD 3870|733|418
Radeon HD 3870 X2|875|332
Radeon HD 4200|117|903
Radeon HD 4250|129|887
Radeon HD 4270|112|913
Radeon HD 4290|149|860
Radeon HD 4300/4500 Serisi|155|853
Radeon HD 4330|163|851
Radeon HD 4350|177|840
Radeon HD 4550|253|767
Radeon HD 4650|344|699
Radeon HD 4650 AGP|263|757
Radeon HD 4670|549|569
Radeon HD 4770|1052|263
Radeon HD 4800 Serisi|1211|232
Radeon HD 4810|703|440
Radeon HD 4830|965|296
Radeon HD 4850|1035|268
Radeon HD 4850 X2|1125|247
Radeon HD 4870|1375|202
Radeon HD 4870 X2|1241|227
Radeon HD 4890|1532|184
Radeon HD 5450|231|774
Radeon HD 5470|268|751
Radeon HD 5550|537|581
Radeon HD 5570|713|433
Radeon HD 5600/5700|977|291
Radeon HD 5670|1062|259
Radeon HD 5750|1399|199
Radeon HD 5770|1685|165
Radeon HD 5830|2026|138
Radeon HD 5850|2258|123
Radeon HD 5870|2597|111
Radeon HD 5970|2593|112
Radeon HD 6230|211|799
Radeon HD 6250|117|900
Radeon HD 6290|135|877
Radeon HD 6290M|137|876
Radeon HD 6300M|248|770
Radeon HD 6310|169|845
Radeon HD 6320|203|807
Radeon HD 6320 Graphic|216|792
Radeon HD 6320M|198|812
RADEON HD 6350|213|797
Radeon HD 6370D|313|722
Radeon HD 6370M|265|755
Radeon HD 6380G|300|732
Radeon HD 6410D|393|670
Radeon HD 6430M|192|824
Radeon HD 6450|286|739
Radeon HD 6450A|260|760
Radeon HD 6470M|316|719
Radeon HD 6480G|406|665
Radeon HD 6490M|367|687
Radeon HD 6520G|488|616
Radeon HD 6530D|517|597
Radeon HD 6550A|705|438
Radeon HD 6550D|657|472
Radeon HD 6570|759|399
Radeon HD 6610M|542|576
Radeon HD 6620G|563|554
Radeon HD 6630M|684|448
Radeon HD 6650M|695|444
Radeon HD 6670|1050|265
Radeon HD 6670 + 6670 Dual|646|491
Radeon HD 6700M|977|290
Radeon HD 6750|1298|216
Radeon HD 6750M|936|306
Radeon HD 6770|1659|168
Radeon HD 6770M|992|284
Radeon HD 6790|2033|137
Radeon HD 6800M|980|288
Radeon HD 6850|2240|124
Radeon HD 6870|2578|113
Radeon HD 6900M|1911|147
Radeon HD 6950|3177|83
Radeon HD 6970|3472|75
Radeon HD 6990|2817|100
Radeon HD 7290|139|871
Radeon HD 7310|171|844
Radeon HD 7310G|180|835
Radeon HD 7310M|165|847
Radeon HD 7340|209|802
Radeon HD 7340G|194|819
Radeon HD 7340M|219|788
Radeon HD 7350|282|740
Radeon HD 7400G|328|712
Radeon HD 7420G|452|637
Radeon HD 7450|321|716
Radeon HD 7450A|288|737
Radeon HD 7450M|332|710
Radeon HD 7470|374|679
Radeon HD 7470M|413|658
Radeon HD 7480D|420|655
Radeon HD 7500G|408|662
Radeon HD 7500G + 7500M/7600M Dual|647|487
Radeon HD 7500G + 7550M Dual|497|611
Radeon HD 7520G|451|638
Radeon HD 7520G + 7400M Dual|486|617
Radeon HD 7520G + 7600M Dual|591|537
Radeon HD 7520G + 7610M Dual|464|634
Radeon HD 7520G + 7650M Dual|453|635
Radeon HD 7520G + 7670M Dual|534|584
Radeon HD 7520G + 7700M Dual|1060|261
Radeon HD 7520G + 8600/8700M Dual|311|723
Radeon HD 7520G + HD 7400M Dual|576|549
Radeon HD 7520G + HD 7600M Dual|660|469
Radeon HD 7520G + HD 8750M Dual|651|481
Radeon HD 7540D|520|595
Radeon HD 7540D + 6570 Dual|719|429
Radeon HD 7550M|492|615
Radeon HD 7550M/7650M|728|421
Radeon HD 7560D|666|460
Radeon HD 7560D + 6570 Dual|833|349
Radeon HD 7560D + 6670 Dual|1130|245
Radeon HD 7560D + 7560D Dual|982|287
Radeon HD 7560D + 7670 Dual|1412|194
Radeon HD 7560D + HD 7000 Dual|534|585
Radeon HD 7560D + HD 7700 Dual|1469|189
Radeon HD 7560D + R5 235 Dual|904|320
Radeon HD 7570|980|289
Radeon HD 7570M|604|526
Radeon HD 7570M/HD 7670M|722|427
Radeon HD 7580D|350|695
Radeon HD 7600G|476|623
Radeon HD 7600G + 7450M Dual|389|672
Radeon HD 7600G + 7500M/7600M Dual|421|654
Radeon HD 7600G + 7550M Dual|423|652
Radeon HD 7600G + 8500M/8700M Dual|469|630
Radeon HD 7600G + HD 7500M/7600M Dual|540|579
Radeon HD 7600G + HD Dual|432|648
Radeon HD 7600M + 7600M Dual|823|355
Radeon HD 7610M|631|500
Radeon HD 7620G|492|614
Radeon HD 7620G + 8600M Dual|514|600
Radeon HD 7620G + 8670M Dual|577|546
Radeon HD 7620G + HD 8600M Dual|450|641
Radeon HD 7620G + HD 8670M Dual|505|608
Radeon HD 7640G|606|525
Radeon HD 7640G + 6400M Dual|526|589
Radeon HD 7640G + 7400M Dual|637|497
Radeon HD 7640G + 7470M Dual|597|532
Radeon HD 7640G + 7500/7600 Dual|627|503
Radeon HD 7640G + 7600M Dual|706|436
Radeon HD 7640G + 7610M Dual|563|555
Radeon HD 7640G + 7670M Dual|652|480
Radeon HD 7640G + 7700M Dual|690|445
Radeon HD 7640G + 8500M Dual|588|540
Radeon HD 7640G + 8570M Dual|565|553
Radeon HD 7640G + 8600/8700M Dual|688|446
Radeon HD 7640G + 8670M Dual|558|561
Radeon HD 7640G + 8750M Dual|654|476
Radeon HD 7640G + HD 7400M Dual|612|516
Radeon HD 7640G + HD 7600M Dual|681|452
Radeon HD 7640G + HD 7670M Dual|699|441
Radeon HD 7640G + HD 8500M Dual|607|524
Radeon HD 7640G + HD 8500M N HD 8500M Dual|665|463
Radeon HD 7640G + HD 8600/8700M Dual|514|601
Radeon HD 7640G + HD 8750M Dual|1240|228
Radeon HD 7640G + R5 M200 Dual|508|606
Radeon HD 7640G N HD 7640G + HD 7600M N HD 7600M D|824|354
Radeon HD 7640G N HD 7640G + HD 7670M Dual|679|455
Radeon HD 7650A|791|377
Radeon HD 7650M|725|424
Radeon HD 7660D|795|373
Radeon HD 7660D + 6570 Dual|1100|251
Radeon HD 7660D + 6670 Dual|1243|226
Radeon HD 7660D + 7470 Dual|465|633
Radeon HD 7660D + 7670 Dual|1061|260
Radeon HD 7660D + HD 6670 Dual|1545|183
Radeon HD 7660D + HD 7700 Dual|1878|149
Radeon HD 7660G|820|358
Radeon HD 7660G + 7400M Dual|588|538
Radeon HD 7660G + 7470M Dual|579|544
Radeon HD 7660G + 7600M Dual|825|353
Radeon HD 7660G + 7610M Dual|742|408
Radeon HD 7660G + 7670M Dual|739|410
Radeon HD 7660G + 7700M Dual|757|400
Radeon HD 7660G + 7730M Dual|931|309
Radeon HD 7660G + 8600M Dual|445|644
Radeon HD 7660G + 8670M Dual|645|492
Radeon HD 7660G + HD 7600M Dual|813|363
Radeon HD 7660G + HD 7670M Dual|683|449
Radeon HD 7660G + HD 7700M Dual|802|366
Radeon HD 7660G N HD 7660G + HD 7600M N HD 7600M D|722|428
Radeon HD 7660G N HD 7660G + HD 7670M Dual|704|439
Radeon HD 7660G N HD 7660G + HD 7700M N HD 7700M D|966|294
Radeon HD 7670|1081|254
Radeon HD 7670A|1051|264
Radeon HD 7670M|819|359
Radeon HD 7670M + 7670M Dual|738|412
Radeon HD 7690M|995|283
Radeon HD 7690M XT|1009|278
Radeon HD 7730|1359|205
Radeon HD 7730M|1022|273
Radeon HD 7750|1652|170
Radeon HD 7750M|1144|242
Radeon HD 7770|2163|129
Radeon HD 7790|2992|89
Radeon HD 7850|3762|68
Radeon HD 7850M|1372|203
Radeon HD 7870|4286|55
Radeon HD 7870 XT|4382|51
Radeon HD 7870M|1482|187
Radeon HD 7950 / R9 280|4753|45
Radeon HD 7970 / R9 280X|5237|35
Radeon HD 7970M|3711|69
Radeon HD 7990|5400|30
Radeon HD 8180|198|814
Radeon HD 8210|254|765
Radeon HD 8240|282|741
Radeon HD 8250|261|758
Radeon HD 8280|325|714
Radeon HD 8280E|328|713
Radeon HD 8280G|269|750
Radeon HD 8330|348|697
Radeon HD 8330E|337|705
Radeon HD 8350|259|761
Radeon HD 8350G|401|667
Radeon HD 8370D|430|650
Radeon HD 8400|367|685
Radeon HD 8400E|340|700
Radeon HD 8410G|451|639
Radeon HD 8450G|414|657
Radeon HD 8450G + 8600M Dual|545|573
Radeon HD 8450G + 8670M Dual|474|625
Radeon HD 8450G + 8750M Dual|637|498
Radeon HD 8470|349|696
Radeon HD 8470D|515|599
Radeon HD 8470D + 6450 Dual|717|430
Radeon HD 8490|382|676
Radeon HD 8500M|509|605
Radeon HD 8500M/8700M|958|299
Radeon HD 8510G|512|603
Radeon HD 8510G + 8500M Dual|596|533
Radeon HD 8550D|614|511
Radeon HD 8550G|705|437
Radeon HD 8550G + 8500M Dual|602|528
Radeon HD 8550G + 8570M Dual|535|583
Radeon HD 8550G + 8600/8700M Dual|802|367
Radeon HD 8550G + 8600M Dual|610|519
Radeon HD 8550G + 8670M Dual|548|570
Radeon HD 8550G + 8690M Dual|664|464
Radeon HD 8550G + 8750M Dual|800|368
Radeon HD 8550G + HD 8600/8700M Dual|842|344
Radeon HD 8550G + HD 8600M Dual|659|471
Radeon HD 8550G + HD 8750M Dual|871|333
Radeon HD 8550G + R5 M200 Dual|596|534
Radeon HD 8550G + R5 M230 Dual|583|543
Radeon HD 8570|938|304
Radeon HD 8570 + 8670D Dual|620|508
Radeon HD 8570D|675|459
Radeon HD 8570D + 6570 Dual|1239|229
Radeon HD 8570D + HD 6570 Dual|868|334
Radeon HD 8570D + HD 6670 Dual|1260|224
Radeon HD 8570D + HD 7700 Dual|1834|153
Radeon HD 8570D + R7 200 Dual|1000|281
Radeon HD 8570D + R7 240 Dual|906|318
Radeon HD 8570M|531|586
Radeon HD 8600/8700M|1039|267
Radeon HD 8610G|554|564
Radeon HD 8610G + 8500M Dual|610|518
Radeon HD 8610G + 8600M Dual|588|539
Radeon HD 8610G + 8670M Dual|599|530
Radeon HD 8610G + HD 8500M Dual|629|502
Radeon HD 8610G + HD 8600M Dual|570|551
Radeon HD 8610G + HD 8670M Dual|559|560
Radeon HD 8650D|584|542
Radeon HD 8650G|935|308
Radeon HD 8650G + 7600M Dual|741|409
Radeon HD 8650G + 7670M Dual|778|382
Radeon HD 8650G + 8500M Dual|626|504
Radeon HD 8650G + 8570M Dual|652|479
Radeon HD 8650G + 8600/8700M Dual|845|342
Radeon HD 8650G + 8600M Dual|613|513
Radeon HD 8650G + 8670M Dual|647|486
Radeon HD 8650G + 8750M Dual|788|379
Radeon HD 8650G + HD 8570M Dual|679|454
Radeon HD 8650G + HD 8600/8700M Dual|749|404
Radeon HD 8650G + HD 8600M Dual|624|506
Radeon HD 8650G + HD 8670M Dual|610|521
Radeon HD 8650G + HD 8750M Dual|777|383
Radeon HD 8650G + R5 M230 Dual|695|443
Radeon HD 8650G N HD 8650G + HD 8570M Dual|773|387
Radeon HD 8650G N HD 8650G + HD 8600M N HD 8600M D|679|456
Radeon HD 8670D|820|357
Radeon HD 8670D + 6670 Dual|1361|204
Radeon HD 8670D + 7700 Dual|1788|158
Radeon HD 8670D + HD 6670 Dual|1221|230
Radeon HD 8670D + R5 235 Dual|879|331
Radeon HD 8670D + R7 200 Dual|936|307
Radeon HD 8670D + R7 240 Dual|1027|272
Radeon HD 8670M|515|598
Radeon HD 8690A|919|315
Radeon HD 8690M|836|346
Radeon HD 8730M|792|376
Radeon HD 8750M|937|305
Radeon HD 8790M|1305|214
Radeon HD 8790M / R9 M290X|1323|209
Radeon HD 8850M|1133|244
Radeon HD 8870M|1704|163
Radeon HD 8870M / R9 M270X / M370X|1790|157
Radeon HD 8950|2862|96
Radeon HD 8970M|3881|66
Radeon HD 8990|5041|41
RADEON HD6370D|331|711
RADEON HD6410D|422|653
RADEON HD6530D|531|587
Radeon HD7570|1028|271
Radeon HD8490|379|677
Radeon HD8970M|2951|91
Radeon IGP 320M|3|1294
Radeon IGP 340M|2|1295
RADEON IGP 345M|3|1274
RADEON IGP 350M|6|1214
Radeon R2|295|733
Radeon R2E|223|783
Radeon R3|373|680
Radeon R3E|271|749
Radeon R4|406|664
Radeon R5 220|259|762
Radeon R5 235|362|689
Radeon R5 235 + HD 7560D Dual|743|407
Radeon R5 235X|373|681
Radeon R5 240|648|485
Radeon R5 310|345|698
Radeon R5 M230|448|642
Radeon R5 M240|521|594
Radeon R5 M255|727|422
Radeon R5 M330|551|567
Radeon R5 M335|600|529
Radeon R5E|337|707
Radeon R6|655|474
Radeon R6 + R7 M265DX Dual|570|552
Radeon R7 + HD 7700 Dual|2081|134
Radeon R7 + R7 200 Dual|1301|215
Radeon R7 + R7 240 Dual|1077|256
Radeon R7 240|963|298
Radeon R7 240 + HD 8570D Dual|917|316
Radeon R7 240 + HD 8670D Dual|930|310
Radeon R7 250|1404|197
Radeon R7 260|2862|97
Radeon R7 260X|3063|87
Radeon R7 360|3164|84
Radeon R7 A10 PRO-7800B|796|372
Radeon R7 A10 PRO-7850B|857|337
Radeon R7 A10-7700K|890|327
Radeon R7 A10-7800|897|325
Radeon R7 A10-7850K|1012|277
Radeon R7 A10-7870K Radeon R7, 12 Compute Cores 4C|1154|240
Radeon R7 A10-8750 Radeon R7, 12 Compute Cores 4C+|929|311
Radeon R7 A8 PRO-7600B|735|417
Radeon R7 A8-7600|928|312
Radeon R7 A8-7650K|881|328
Radeon R7 A8-7650K Radeon R7, 10 Compute Cores 4C+|800|369
Radeon R7 A8-7670K|1008|280
Radeon R7 A8-8650 Radeon R7, 10 Compute Cores 4C+6|891|326
Radeon R7 M260|695|442
Radeon R7 M260X|1016|274
Radeon R7 M265|815|361
Radeon R7 M270|769|390
Radeon R7 M360|651|482
Radeon R7 PRO A10-8750B R7, 12 Compute Cores 4C+8G|966|295
Radeon R9 255|1806|155
Radeon R9 270 / R7 370|4223|57
Radeon R9 270X|4570|47
Radeon R9 285 / 380|5525|28
Radeon R9 290 / 390|6861|18
Radeon R9 290X / 390X|7107|16
Radeon R9 295X2|7107|17
Radeon R9 360|3032|88
Radeon R9 380X|5902|25
Radeon R9 Fury|7293|15
Radeon R9 Fury X|8203|10
Radeon R9 M265X|1203|234
Radeon R9 M270X|1312|211
Radeon R9 M275|1130|246
Radeon R9 M275X / M375|1381|201
Radeon R9 M290X|2547|116
Radeon R9 M295X|5046|40
Radeon R9 M370X|1985|141
Radeon R9 M375|999|282
Radeon R9 M380|2905|94
Radeon R9 M395X|5399|31
Radeon X1050|50|1067
Radeon X1200|32|1133
Radeon X1250|35|1121
Radeon X1270|30|1136
Radeon X1300|55|1056
Radeon X1300 PRO|87|981
Radeon X1550|63|1034
Radeon X1550 64-bit|44|1088
Radeon X1600|44|1087
Radeon X1600 Pro|95|959
Radeon X1600 XT|106|927
Radeon X1650 GTO|74|1011
Radeon X1650 Pro|88|978
Radeon X1650 SE|71|1014
Radeon X1700 Targa Edition|116|906
Radeon X1800 GTO|139|873
Radeon X1900 CrossFire Edition|153|854
Radeon X1900 GT|140|870
Radeon X1950 CrossFire Edition|151|859
Radeon X1950 GT|113|909
Radeon X1950 Pro|110|916
RADEON X300SE|37|1112
RADEON X550|46|1081
RADEON X550XT|54|1059
Radeon X550XTX|66|1026
RADEON X600 256MB HyperMemory|55|1057
RADEON X600XT|91|975
RADEON X700|72|1012
RADEON X700 PRO|75|1005
RADEON X700 SE|74|1007
RADEON X800 GT|84|992
RADEON X800 GTO|74|1010
RADEON X800 PRO|57|1051
RADEON X800 PRO/GTO|74|1008
RADEON X800 XL|61|1040
RADEON X800 XT|102|939
RADEON X800GT|80|999
RADEON X850 PRO|72|1013
RADEON X850 XT|81|997
RADEON X850 XT Platinum Edition|79|1002
Radeon Xpress 1100|32|1134
Radeon Xpress 1150|28|1146
Radeon Xpress 1200|33|1130
Radeon Xpress 1250|41|1102
Radeon Xpress 1270|26|1153
RADEON XPRESS 200|29|1143
RADEON XPRESS 200M|20|1176
Rage Fury Pro/Xpert 2000 Pro|3|1279
RIVA TNT2 Model 64/Model 64 Pro|3|1269
RV530 PRO|113|910
S3 Chrome 430 ULP|39|1107
S3 ProSavageDDR|1|1306
SAPPHIRE RADEON 9600 ATLANTIS|47|1075
SAPPHIRE Radeon X1550|54|1058
Sapphire RADEON X800 GT|112|912
Sherry 1.3 for GMA 3150|1|1311
Sherry 1.3.2 beta for 945 chipsets|3|1282
SiS 630/730|1|1307
SiS 650_651_M650_M652_740|3|1290
SiS 651|2|1300
SiS 661FX|3|1281
SiS 661FX/GX Mirage|4|1250
SiS 741|4|1244
SiS 760|5|1221
SiS M661MX|4|1247
SiS M760GX|3|1284
SiS Mirage|4|1264
SiS Mirage 3|2|1298
SUMO 9640|650|483
SUMO 964A|497|612
Tesla C2050|3450|76
Tesla C2050 / C2070|3393|80
Tesla C2075|3283|81
Vanta/Vanta LT|3|1276
VIA Chrome9 HC IGP|4|1245
VIA Chrome9 HC IGP Family|4|1249
VIA Chrome9 HC IGP Family WDDM|3|1270
VIA Chrome9 HC IGP WDDM|3|1271
VIA Chrome9 HC IGP WDDM 1.1|3|1273
VIA Chrome9 HD IGP|12|1193
VIA/S3G Chrome 645/640 GPU|106|924
VIA/S3G DeltaChrome IGP|3|1292
VIA/S3G KM400/KN400|3|1283
VIA/S3G UniChrome IGP|4|1252
VIA/S3G UniChrome Pro IGP|4|1258
VIA/S3G UniChromeII|5|1236
Wine Display Adapter|180|837
